PT-ID,age,site,lab_result,weight,height,diagnosis
1001,58,Site_A,5.4,70,175,Type_2_Diabetes
1002,63,Site_B,6.1,82,168,Hypertension
1003,45,Site_A,4.8,65,180,Control
1004,71,Site_B,9999,91,162,Type_2_Diabetes
1005,32,Site_A,5.0,Unknown,172,Control
1006,54,Site_B,N/A,78,170,Hypertension
1007,68,Site_A,6.8,85,165,Type_2_Diabetes
1008,29,Site_A,4.5,60,158,Control
1009,77,Site_B,7.2,88,174,Hypertension
1010,41,Site_A,5.1,72,182,Control
1011,50,Site_B,5.9,79,169,Type_2_Diabetes
1012,36,Site_A,N/A,68,176,Control
1013,62,Site_A,6.4,81,160,Hypertension
1014,75,Site_B,7.8,94,171,Type_2_Diabetes
1015,28,Site_A,4.3,58,165,Control
1016,59,Site_B,9999,86,178,Hypertension
1017,47,Site_A,5.2,74,181,Control
1018,66,Site_B,6.9,Unknown,167,Type_2_Diabetes
1019,53,Site_A,5.7,76,173,Hypertension
1020,39,Site_B,4.9,71,177,Control
1021,70,Site_A,7.1,89,164,Type_2_Diabetes
1022,31,Site_A,4.6,62,161,Control
1023,56,Site_B,6.3,80,170,Hypertension
1024,64,Site_A,N/A,83,166,Type_2_Diabetes
1025,43,Site_B,5.3,73,179,Control
1026,72,Site_A,7.5,92,163,Type_2_Diabetes
1027,35,Site_B,4.7,66,174,Control
1028,61,Site_A,6.2,84,168,Hypertension
1029,48,Site_B,5.5,75,180,Control
1030,67,Site_A,9999,87,165,Type_2_Diabetes
1031,30,Site_B,4.4,59,162,Control
1032,52,Site_A,5.8,77,172,Hypertension
1033,74,Site_B,7.6,93,169,Type_2_Diabetes
1034,40,Site_A,5.0,Unknown,183,Control
1035,57,Site_B,6.0,81,171,Hypertension
1036,69,Site_A,6.7,88,166,Type_2_Diabetes
1037,34,Site_A,4.8,64,175,Control
1038,60,Site_B,6.5,85,167,Hypertension
1039,76,Site_A,7.9,95,170,Type_2_Diabetes
1040,44,Site_B,N/A,72,178,Control
